{"cameraMode":{"drawMode":0,"name":"Shaded","section":"Shading Mode"},"sceneLighting":true,"audioPlay":false,"sceneViewState":{"m_AlwaysRefresh":false,"showFog":true,"showSkybox":true,"showFlares":true,"showImageEffects":true,"showParticleSystems":true,"showVisualEffectGraphs":true,"m_FxEnabled":true},"in2DMode":false,"pivot":{"x":606.8822631835938,"y":311.9635009765625,"z":-629.2476806640625},"rotation":{"x":0.15604038536548615,"y":-0.37425482273101809,"z":0.06412461400032044,"w":0.9119271636009216},"size":22.703989028930665,"orthographic":true}